id,manufacturer,group,status,reserved
00,[Reserved for ID Extensions],Special,,True
01,Sequential Circuits,NorthAmerica,Current,
02,IDP,NorthAmerica,Lapsed,
03,"Voyetra Turtle Beach, Inc.",NorthAmerica,Lapsed,
04,Moog Music,NorthAmerica,Current,
05,Passport Designs,NorthAmerica,Lapsed,
06,Lexicon Inc.,NorthAmerica,Lapsed,
07,Kurzweil / Young Chang,NorthAmerica,Current,
08,Fender,NorthAmerica,Lapsed,
09,MIDI9,NorthAmerica,Current,
0A,AKG Acoustics,NorthAmerica,Lapsed,
0B,Voyce Music,NorthAmerica,Lapsed,
0C,WaveFrame (Timeline),NorthAmerica,Lapsed,
0D,"ADA Signal Processors, Inc.",NorthAmerica,Lapsed,
0E,Garfield Electronics,NorthAmerica,Lapsed,
0F,Ensoniq,NorthAmerica,Lapsed,
10,Oberheim / Gibson Labs,NorthAmerica,Lapsed,
11,Apple,NorthAmerica,Current,
12,Grey Matter Response,NorthAmerica,Lapsed,
13,Digidesign Inc.,NorthAmerica,Lapsed,
14,Palmtree Instruments,NorthAmerica,Lapsed,
15,JLCooper Electronics,NorthAmerica,Lapsed,
16,Lowrey Organ Company,NorthAmerica,Lapsed,
17,Adams-Smith,NorthAmerica,Lapsed,
18,E-mu,NorthAmerica,Lapsed,
19,Harmony Systems,NorthAmerica,Lapsed,
1A,ART,NorthAmerica,Lapsed,
1B,Baldwin,NorthAmerica,Lapsed,
1C,Eventide,NorthAmerica,Lapsed,
1D,Inventronics,NorthAmerica,Lapsed,
1E,Key Concepts,NorthAmerica,Lapsed,
1F,Clarity,NorthAmerica,Lapsed,
20,Passac,Europe,Lapsed,
21,Proel Labs (SIEL),Europe,Lapsed,
22,Synthaxe (UK),Europe,Lapsed,
23,Stepp,Europe,Lapsed,
24,Hohner,Europe,Lapsed,
25,Twister,Europe,Lapsed,
26,Ketron s.r.l.,Europe,Lapsed,
27,Jellinghaus MS,Europe,Lapsed,
28,Southworth Music Systems,Europe,Lapsed,
29,PPG (Germany),Europe,Lapsed,
2A,JEN,Europe,Lapsed,
2B,Solid State Logic Organ Systems,Europe,Lapsed,
2C,Audio Veritrieb-P. Struven,Europe,Lapsed,
2D,Neve,Europe,Lapsed,
2E,Soundtracs Ltd.,Europe,Lapsed,
2F,Elka,Europe,Lapsed,
30,Dynacord,Europe,Lapsed,
31,Viscount International Spa (Intercontinental Electronics),Europe,Lapsed,
32,Drawmer,Europe,Lapsed,
33,Clavia Digital Instruments,Europe,Lapsed,
34,Audio Architecture,Europe,Lapsed,
35,Generalmusic Corp SpA,Europe,Lapsed,
36,Cheetah Marketing,Europe,Lapsed,
37,C.T.M.,Europe,Lapsed,
38,Simmons UK,Europe,Lapsed,
39,Soundcraft Electronics,Europe,Lapsed,
3A,Steinberg Media Technologies GmbH,Europe,Current,
3B,Wersi Gmbh,Europe,Lapsed,
3C,AVAB Niethammer AB,Europe,Lapsed,
3D,Digigram,Europe,Lapsed,
3E,Waldorf Electronics GmbH,Europe,Lapsed,
3F,Quasimidi,Europe,Lapsed,
40,Kawai Musical Instruments MFG. CO. Ltd,Japan,Current,
41,Roland Corporation,Japan,Current,
42,Korg Inc.,Japan,Current,
43,Yamaha Corporation,Japan,Current,
44,Casio Computer Co. Ltd,Japan,Current,
46,Kamiya Studio Co. Ltd,Japan,Current,
47,Akai Electric Co. Ltd.,Japan,Current,
48,"Victor Company of Japan, Ltd.",Japan,Current,
4B,Fujitsu Limited,Japan,Current,
4C,Sony Corporation,Japan,Current,
4E,Teac Corporation,Japan,Current,
50,"Matsushita Electric Industrial Co. , Ltd",Japan,Current,
51,Fostex Corporation,Japan,Current,
52,Zoom Corporation,Japan,Current,
54,"Matsushita Communication Industrial Co., Ltd.",Japan,Current,
55,"Suzuki Musical Instruments MFG. Co., Ltd.",Japan,Current,
56,Fuji Sound Corporation Ltd.,Japan,Current,
57,"Acoustic Technical Laboratory, Inc.",Japan,Current,
59,"Faith, Inc.",Japan,Current,
5A,Internet Corporation,Japan,Current,
5C,Seekers Co. Ltd.,Japan,Current,
5F,SD Card Association,Japan,Current,
60,[Reserved for Other Uses],Other,,True
61,[Reserved for Other Uses],Other,,True
62,[Reserved for Other Uses],Other,,True
63,[Reserved for Other Uses],Other,,True
64,[Reserved for Other Uses],Other,,True
65,[Reserved for Other Uses],Other,,True
66,[Reserved for Other Uses],Other,,True
67,[Reserved for Other Uses],Other,,True
68,[Reserved for Other Uses],Other,,True
69,[Reserved for Other Uses],Other,,True
6A,[Reserved for Other Uses],Other,,True
6B,[Reserved for Other Uses],Other,,True
6C,[Reserved for Other Uses],Other,,True
6D,[Reserved for Other Uses],Other,,True
6E,[Reserved for Other Uses],Other,,True
6F,[Reserved for Other Uses],Other,,True
70,[Reserved for Other Uses],Other,,True
71,[Reserved for Other Uses],Other,,True
72,[Reserved for Other Uses],Other,,True
73,[Reserved for Other Uses],Other,,True
74,[Reserved for Other Uses],Other,,True
75,[Reserved for Other Uses],Other,,True
76,[Reserved for Other Uses],Other,,True
77,[Reserved for Other Uses],Other,,True
78,[Reserved for Other Uses],Other,,True
79,[Reserved for Other Uses],Other,,True
7A,[Reserved for Other Uses],Other,,True
7B,[Reserved for Other Uses],Other,,True
7C,[Reserved for Other Uses],Other,,True
7D,"[Reserved for education, prototyping, test, private use, and experimentation]",Special,,True
7E,[Universal Non-Real-Time],Special,,True
7F,[Universal Real-Time],Special,,True
00.00.00,[Invalid],Special,,True
00.00.01,Time/Warner Interactive,NorthAmerica,Lapsed,
00.00.02,Advanced Gravis Comp. Tech Ltd.,NorthAmerica,Lapsed,
00.00.03,Media Vision,NorthAmerica,Lapsed,
00.00.04,Dornes Research Group,NorthAmerica,Lapsed,
00.00.05,K-Muse,NorthAmerica,Lapsed,
00.00.06,Stypher,NorthAmerica,Lapsed,
00.00.07,Digital Music Corp.,NorthAmerica,Lapsed,
00.00.08,IOTA Systems,NorthAmerica,Lapsed,
00.00.09,New England Digital,NorthAmerica,Lapsed,
00.00.0A,Artisyn,NorthAmerica,Lapsed,
00.00.0B,IVL Technologies Ltd.,NorthAmerica,Lapsed,
00.00.0C,Southern Music Systems,NorthAmerica,Lapsed,
00.00.0D,Lake Butler Sound Company,NorthAmerica,Lapsed,
00.00.0E,Alesis Studio Electronics,NorthAmerica,Lapsed,
00.00.0F,Sound Creation,NorthAmerica,Lapsed,
00.00.10,DOD Electronics Corp.,NorthAmerica,Lapsed,
00.00.11,Studer-Editech,NorthAmerica,Lapsed,
00.00.12,Sonus,NorthAmerica,Lapsed,
00.00.13,Temporal Acuity Products,NorthAmerica,Lapsed,
00.00.14,Perfect Fretworks,NorthAmerica,Lapsed,
00.00.15,KAT Inc.,NorthAmerica,Lapsed,
00.00.16,Opcode Systems,NorthAmerica,Lapsed,
00.00.17,Rane Corporation,NorthAmerica,Lapsed,
00.00.18,Anadi Electronique,NorthAmerica,Lapsed,
00.00.19,KMX,NorthAmerica,Lapsed,
00.00.1A,Allen & Heath Brenell,NorthAmerica,Lapsed,
00.00.1B,Peavey Electronics,NorthAmerica,Lapsed,
00.00.1C,360 Systems,NorthAmerica,Lapsed,
00.00.1D,Spectrum Design and Development,NorthAmerica,Lapsed,
00.00.1E,Marquis Music,NorthAmerica,Lapsed,
00.00.1F,Zeta Systems,NorthAmerica,Lapsed,
00.00.20,Axxes (Brian Parsonett),NorthAmerica,Lapsed,
00.00.21,Orban,NorthAmerica,Lapsed,
00.00.22,Indian Valley Mfg.,NorthAmerica,Lapsed,
00.00.23,Triton,NorthAmerica,Lapsed,
00.00.24,KTI,NorthAmerica,Lapsed,
00.00.25,Breakaway Technologies,NorthAmerica,Lapsed,
00.00.26,Leprecon / CAE Inc.,NorthAmerica,Lapsed,
00.00.27,Harrison Systems Inc.,NorthAmerica,Lapsed,
00.00.28,Future Lab/Mark Kuo,NorthAmerica,Lapsed,
00.00.29,Rocktron Corporation,NorthAmerica,Lapsed,
00.00.2A,PianoDisc,NorthAmerica,Lapsed,
00.00.2B,Cannon Research Group,NorthAmerica,Lapsed,
00.00.2C,[Reserved],NorthAmerica,,True
00.00.2D,Rodgers Instrument LLC,NorthAmerica,Lapsed,
00.00.2E,Blue Sky Logic,NorthAmerica,Lapsed,
00.00.2F,Encore Electronics,NorthAmerica,Lapsed,
00.00.30,Uptown,NorthAmerica,Lapsed,
00.00.31,Voce,NorthAmerica,Lapsed,
00.00.32,"CTI Audio, Inc. (Musically Intel. Devs.)",NorthAmerica,Lapsed,
00.00.33,S3 Incorporated,NorthAmerica,Lapsed,
00.00.34,Broderbund / Red Orb,NorthAmerica,Lapsed,
00.00.35,Allen Organ Co.,NorthAmerica,Lapsed,
00.00.36,[Reserved],NorthAmerica,,True
00.00.37,Music Quest,NorthAmerica,Lapsed,
00.00.38,Aphex,NorthAmerica,Lapsed,
00.00.39,Gallien Krueger,NorthAmerica,Lapsed,
00.00.3A,IBM,NorthAmerica,Lapsed,
00.00.3B,Mark Of The Unicorn,NorthAmerica,Current,
00.00.3C,Hotz Corporation,NorthAmerica,Lapsed,
00.00.3D,ETA Lighting,NorthAmerica,Lapsed,
00.00.3E,NSI Corporation,NorthAmerica,Lapsed,
00.00.3F,"Ad Lib, Inc.",NorthAmerica,Lapsed,
00.00.40,Richmond Sound Design,NorthAmerica,Lapsed,
00.00.41,Microsoft,NorthAmerica,Current,
00.00.42,Mindscape (Software Toolworks),NorthAmerica,Lapsed,
00.00.43,Russ Jones Marketing / Niche,NorthAmerica,Lapsed,
00.00.44,Intone,NorthAmerica,Lapsed,
00.00.45,Advanced Remote Technologies,NorthAmerica,Lapsed,
00.00.46,White Instruments,NorthAmerica,Lapsed,
00.00.47,GT Electronics/Groove Tubes,NorthAmerica,Lapsed,
00.00.48,Pacific Research & Engineering,NorthAmerica,Lapsed,
00.00.49,"Timeline Vista, Inc.",NorthAmerica,Lapsed,
00.00.4A,Mesa Boogie Ltd.,NorthAmerica,Lapsed,
00.00.4B,FSLI,NorthAmerica,Lapsed,
00.00.4C,Sequoia Development Group,NorthAmerica,Lapsed,
00.00.4D,Studio Electronics,NorthAmerica,Lapsed,
00.00.4E,"Euphonix, Inc",NorthAmerica,Lapsed,
00.00.4F,"InterMIDI, Inc.",NorthAmerica,Lapsed,
00.00.50,MIDI Solutions Inc.,NorthAmerica,Lapsed,
00.00.51,3DO Company,NorthAmerica,Lapsed,
00.00.52,Lightwave Research / High End Systems,NorthAmerica,Lapsed,
00.00.53,Micro-W Corporation,NorthAmerica,Lapsed,
00.00.54,"Spectral Synthesis, Inc.",NorthAmerica,Lapsed,
00.00.55,Lone Wolf,NorthAmerica,Lapsed,
00.00.56,Studio Technologies Inc.,NorthAmerica,Lapsed,
00.00.57,"Peterson Electro-Musical Product, Inc.",NorthAmerica,Lapsed,
00.00.58,Atari Corporation,NorthAmerica,Lapsed,
00.00.59,Marion Systems Corporation,NorthAmerica,Lapsed,
00.00.5A,Design Event,NorthAmerica,Lapsed,
00.00.5B,Winjammer Software Ltd.,NorthAmerica,Lapsed,
00.00.5C,AT&T Bell Laboratories,NorthAmerica,Lapsed,
00.00.5D,[Reserved],NorthAmerica,,True
00.00.5E,Symetrix,NorthAmerica,Lapsed,
00.00.5F,MIDI the World,NorthAmerica,Lapsed,
00.00.60,Spatializer,NorthAmerica,Lapsed,
00.00.61,Micros 'N MIDI,NorthAmerica,Lapsed,
00.00.62,Accordians International,NorthAmerica,Lapsed,
00.00.63,EuPhonics (now 3Com),NorthAmerica,Lapsed,
00.00.64,Musonix,NorthAmerica,Lapsed,
00.00.65,Turtle Beach Systems (Voyetra),NorthAmerica,Lapsed,
00.00.66,Loud Technologies / Mackie,NorthAmerica,Lapsed,
00.00.67,Compuserve,NorthAmerica,Lapsed,
00.00.68,BEC Technologies,NorthAmerica,Lapsed,
00.00.69,QRS Music Inc,NorthAmerica,Lapsed,
00.00.6A,P.G. Music,NorthAmerica,Lapsed,
00.00.6B,Sierra Semiconductor,NorthAmerica,Lapsed,
00.00.6C,EpiGraf,NorthAmerica,Lapsed,
00.00.6D,Electronics Diversified Inc,NorthAmerica,Lapsed,
00.00.6E,Tune 1000,NorthAmerica,Lapsed,
00.00.6F,Advanced Micro Devices,NorthAmerica,Lapsed,
00.00.70,Mediamation,NorthAmerica,Lapsed,
00.00.71,Sabine Musical Mfg. Co. Inc.,NorthAmerica,Lapsed,
00.00.72,Woog Labs,NorthAmerica,Lapsed,
00.00.73,Micropolis Corp,NorthAmerica,Lapsed,
00.00.74,Ta Horng Musical Instrument,NorthAmerica,Lapsed,
00.00.75,e-Tek Labs (Forte Tech),NorthAmerica,Lapsed,
00.00.76,Electro-Voice,NorthAmerica,Lapsed,
00.00.77,Midisoft Corporation,NorthAmerica,Lapsed,
00.00.78,QSound Labs,NorthAmerica,Lapsed,
00.00.79,Westrex,NorthAmerica,Lapsed,
00.00.7A,Nvidia,NorthAmerica,Lapsed,
00.00.7B,ESS Technology,NorthAmerica,Lapsed,
00.00.7C,Media Trix Peripherals,NorthAmerica,Lapsed,
00.00.7D,Brooktree Corp,NorthAmerica,Lapsed,
00.00.7E,Otari Corp,NorthAmerica,Lapsed,
00.00.7F,"Key Electronics, Inc.",NorthAmerica,Lapsed,
00.01.00,Shure Incorporated,NorthAmerica,Lapsed,
00.01.01,AuraSound,NorthAmerica,Lapsed,
00.01.02,Crystal Semiconductor,NorthAmerica,Lapsed,
00.01.03,Conexant (Rockwell),NorthAmerica,Lapsed,
00.01.04,Silicon Graphics,NorthAmerica,Lapsed,
00.01.05,M-Audio (Midiman),NorthAmerica,Lapsed,
00.01.06,PreSonus,NorthAmerica,Lapsed,
00.01.08,Topaz Enterprises,NorthAmerica,Lapsed,
00.01.09,Cast Lighting,NorthAmerica,Lapsed,
00.01.0A,Microsoft Consumer Division,NorthAmerica,Lapsed,
00.01.0B,Sonic Foundry,NorthAmerica,Lapsed,
00.01.0C,Line 6 (Fast Forward)(Yamaha),NorthAmerica,SysExOnly,
00.01.0D,Beatnik Inc,NorthAmerica,Lapsed,
00.01.0E,Van Koevering Company,NorthAmerica,Lapsed,
00.01.0F,Altech Systems,NorthAmerica,Lapsed,
00.01.10,S & S Research,NorthAmerica,Lapsed,
00.01.11,VLSI Technology,NorthAmerica,Lapsed,
00.01.12,Chromatic Research,NorthAmerica,Lapsed,
00.01.13,Sapphire,NorthAmerica,Lapsed,
00.01.14,IDRC,NorthAmerica,Lapsed,
00.01.15,Justonic Tuning,NorthAmerica,Lapsed,
00.01.16,TorComp Research Inc.,NorthAmerica,Lapsed,
00.01.17,Newtek Inc.,NorthAmerica,Lapsed,
00.01.18,Sound Sculpture,NorthAmerica,Lapsed,
00.01.19,Walker Technical,NorthAmerica,Current,
00.01.1A,Digital Harmony (PAVO),NorthAmerica,Lapsed,
00.01.1B,InVision Interactive,NorthAmerica,Lapsed,
00.01.1C,T-Square Design,NorthAmerica,Lapsed,
00.01.1D,Nemesys Music Technology,NorthAmerica,Lapsed,
00.01.1E,DBX Professional (Harman Intl),NorthAmerica,Lapsed,
00.01.1F,Syndyne Corporation,NorthAmerica,Lapsed,
00.01.20,Bitheadz,NorthAmerica,Lapsed,
00.01.21,BandLab Technologies,NorthAmerica,Lapsed,
00.01.22,Analog Devices,NorthAmerica,Current,
00.01.23,National Semiconductor,NorthAmerica,Lapsed,
00.01.24,Boom Theory / Adinolfi Alternative Percussion,NorthAmerica,Lapsed,
00.01.25,Virtual DSP Corporation,NorthAmerica,Lapsed,
00.01.26,Antares Systems,NorthAmerica,Current,
00.01.27,Angel Software,NorthAmerica,Lapsed,
00.01.28,St Louis Music,NorthAmerica,Lapsed,
00.01.29,Passport Music Software LLC (Gvox),NorthAmerica,Lapsed,
00.01.2A,Ashley Audio Inc.,NorthAmerica,Lapsed,
00.01.2B,Vari-Lite Inc.,NorthAmerica,Lapsed,
00.01.2C,Summit Audio Inc.,NorthAmerica,Lapsed,
00.01.2D,Aureal Semiconductor Inc.,NorthAmerica,Lapsed,
00.01.2E,SeaSound LLC,NorthAmerica,Lapsed,
00.01.2F,U.S. Robotics,NorthAmerica,Lapsed,
00.01.30,Aurisis Research,NorthAmerica,Lapsed,
00.01.31,Nearfield Research,NorthAmerica,Lapsed,
00.01.32,FM7 Inc,NorthAmerica,Lapsed,
00.01.33,Swivel Systems,NorthAmerica,Lapsed,
00.01.34,Hyperactive Audio Systems,NorthAmerica,Lapsed,
00.01.35,MidiLite (Castle Studios Productions),NorthAmerica,Lapsed,
00.01.36,Radikal Technologies,NorthAmerica,Lapsed,
00.01.37,Roger Linn Design,NorthAmerica,Lapsed,
00.01.38,TC-Helicon Vocal Technologies,NorthAmerica,Lapsed,
00.01.39,Event Electronics,NorthAmerica,Lapsed,
00.01.3A,Sonic Network Inc,NorthAmerica,Lapsed,
00.01.3B,Realtime Music Solutions,NorthAmerica,Lapsed,
00.01.3C,Apogee Digital,NorthAmerica,Lapsed,
00.01.3D,"Classical Organs, Inc.",NorthAmerica,Lapsed,
00.01.3E,Microtools Inc.,NorthAmerica,Lapsed,
00.01.3F,Numark Industries,NorthAmerica,SysExOnly,
00.01.40,"Frontier Design Group, LLC",NorthAmerica,Lapsed,
00.01.41,Recordare LLC,NorthAmerica,Lapsed,
00.01.42,Starr Labs,NorthAmerica,Lapsed,
00.01.43,Voyager Sound Inc.,NorthAmerica,Lapsed,
00.01.44,Manifold Labs,NorthAmerica,Lapsed,
00.01.45,Aviom Inc.,NorthAmerica,Lapsed,
00.01.46,Mixmeister Technology,NorthAmerica,Lapsed,
00.01.47,Notation Software,NorthAmerica,Lapsed,
00.01.48,Mercurial Communications,NorthAmerica,Lapsed,
00.01.49,Wave Arts,NorthAmerica,Lapsed,
00.01.4A,Logic Sequencing Devices,NorthAmerica,Lapsed,
00.01.4B,Axess Electronics,NorthAmerica,Lapsed,
00.01.4C,Muse Research,NorthAmerica,Lapsed,
00.01.4D,Open Labs,NorthAmerica,Lapsed,
00.01.4E,Guillemot Corp,NorthAmerica,Lapsed,
00.01.4F,Samson Technologies,NorthAmerica,Lapsed,
00.01.50,Electronic Theatre Controls,NorthAmerica,Lapsed,
00.01.51,Blackberry (RIM),NorthAmerica,Lapsed,
00.01.52,Mobileer,NorthAmerica,Lapsed,
00.01.53,Synthogy,NorthAmerica,Current,
00.01.54,Lynx Studio Technology Inc.,NorthAmerica,Lapsed,
00.01.55,Damage Control Engineering LLC,NorthAmerica,SysExOnly,
00.01.56,"Yost Engineering, Inc.",NorthAmerica,Lapsed,
00.01.57,Brooks & Forsman Designs LLC / DrumLite,NorthAmerica,Lapsed,
00.01.58,Infinite Response,NorthAmerica,Lapsed,
00.01.59,Garritan Corp,NorthAmerica,Lapsed,
00.01.5A,"Plogue Art et Technologie, Inc",NorthAmerica,Lapsed,
00.01.5B,RJM Music Technology,NorthAmerica,Current,
00.01.5C,Custom Solutions Software,NorthAmerica,Lapsed,
00.01.5D,Sonarcana LLC / Highly Liquid,NorthAmerica,Lapsed,
00.01.5E,Centrance,NorthAmerica,Lapsed,
00.01.5F,Kesumo LLC,NorthAmerica,Current,
00.01.60,Stanton (Gibson Brands),NorthAmerica,Lapsed,
00.01.61,Livid Instruments,NorthAmerica,SysExOnly,
00.01.62,First Act / 745 Media,NorthAmerica,Lapsed,
00.01.63,"Pygraphics, Inc.",NorthAmerica,SysExOnly,
00.01.64,Panadigm Innovations Ltd,NorthAmerica,Lapsed,
00.01.65,Avedis Zildjian Co,NorthAmerica,Lapsed,
00.01.66,Auvital Music Corp,NorthAmerica,Lapsed,
00.01.67,You Rock Guitar (was: Inspired Instruments),NorthAmerica,Lapsed,
00.01.68,Chris Grigg Designs,NorthAmerica,Current,
00.01.69,Slate Digital LLC,NorthAmerica,Lapsed,
00.01.6A,Mixware,NorthAmerica,Lapsed,
00.01.6B,Social Entropy,NorthAmerica,Lapsed,
00.01.6C,Source Audio LLC,NorthAmerica,SysExOnly,
00.01.6D,Ernie Ball / Music Man,NorthAmerica,Lapsed,
00.01.6E,Fishman,NorthAmerica,Current,
00.01.6F,Custom Audio Electronics,NorthAmerica,Lapsed,
00.01.70,American Audio/DJ,NorthAmerica,Lapsed,
00.01.71,Mega Control Systems,NorthAmerica,Lapsed,
00.01.72,Kilpatrick Audio,NorthAmerica,SysExOnly,
00.01.73,iConnectivity,NorthAmerica,Current,
00.01.74,Fractal Audio,NorthAmerica,Lapsed,
00.01.75,NetLogic Microsystems,NorthAmerica,Lapsed,
00.01.76,Music Computing,NorthAmerica,Lapsed,
00.01.77,Nektar Technology Inc,NorthAmerica,Current,
00.01.78,Zenph Sound Innovations,NorthAmerica,Lapsed,
00.01.79,DJTechTools.com,NorthAmerica,Lapsed,
00.01.7A,Rezonance Labs,NorthAmerica,Lapsed,
00.01.7B,Decibel Eleven,NorthAmerica,SysExOnly,
00.01.7C,CNMAT,NorthAmerica,Lapsed,
00.01.7D,Media Overkill,NorthAmerica,Current,
00.01.7E,Confusion Studios,NorthAmerica,Lapsed,
00.01.7F,moForte Inc,NorthAmerica,Current,
00.02.00,Miselu Inc,NorthAmerica,Lapsed,
00.02.01,Amelia's Compass LLC,NorthAmerica,Lapsed,
00.02.02,Zivix LLC,NorthAmerica,Current,
00.02.03,Artiphon,NorthAmerica,Current,
00.02.04,Synclavier Digital,NorthAmerica,Lapsed,
00.02.05,Light & Sound Control Devices LLC,NorthAmerica,Lapsed,
00.02.06,Retronyms Inc,NorthAmerica,Current,
00.02.07,JS Technologies,NorthAmerica,SysExOnly,
00.02.08,Quicco Sound,NorthAmerica,Lapsed,
00.02.09,A-Designs Audio,NorthAmerica,Lapsed,
00.02.0A,McCarthy Music Corp,NorthAmerica,Lapsed,
00.02.0B,Denon DJ,NorthAmerica,Lapsed,
00.02.0C,Keith Robert Murray,NorthAmerica,SysExOnly,
00.02.0D,Google,NorthAmerica,Current,
00.02.0E,ISP Technologies,NorthAmerica,SysExOnly,
00.02.0F,Abstrakt Instruments LLC,NorthAmerica,Lapsed,
00.02.10,Meris LLC,NorthAmerica,SysExOnly,
00.02.11,Sensorpoint LLC,NorthAmerica,SysExOnly,
00.02.12,Hi-Z Labs,NorthAmerica,SysExOnly,
00.02.13,Imitone,NorthAmerica,Current,
00.02.14,Intellijel Designs Inc.,NorthAmerica,SysExOnly,
00.02.15,Dasz Instruments Inc.,NorthAmerica,Lapsed,
00.02.16,Remidi,NorthAmerica,Lapsed,
00.02.17,Disaster Area Designs LLC,NorthAmerica,SysExOnly,
00.02.18,Universal Audio,NorthAmerica,Lapsed,
00.02.19,Carter Duncan Corp,NorthAmerica,SysExOnly,
00.02.1A,Essential Technology,NorthAmerica,SysExOnly,
00.02.1B,Cantux Research LLC,NorthAmerica,SysExOnly,
00.02.1C,Hummel Technologies,NorthAmerica,Lapsed,
00.02.1D,Sensel Inc,NorthAmerica,SysExOnly,
00.02.1E,DBML Group,NorthAmerica,Lapsed,
00.02.1F,Madrona Labs,NorthAmerica,Lapsed,
00.02.20,Mesa Boogie,NorthAmerica,SysExOnly,
00.02.21,Effigy Labs,NorthAmerica,SysExOnly,
00.02.22,Amenote,NorthAmerica,Current,
00.02.23,Red Panda LLC,NorthAmerica,SysExOnly,
00.02.24,OnSong LLC,NorthAmerica,SysExOnly,
00.02.25,Jamboxx Inc.,NorthAmerica,SysExOnly,
00.02.26,Electro-Harmonix,NorthAmerica,SysExOnly,
00.02.27,RnD64 Inc,NorthAmerica,Current,
00.02.28,Neunaber Technology LLC,NorthAmerica,SysExOnly,
00.02.29,Kaom Inc.,NorthAmerica,SysExOnly,
00.02.2A,Hallowell EMC,NorthAmerica,SysExOnly,
00.02.2B,"Sound Devices, LLC",NorthAmerica,SysExOnly,
00.02.2C,"Spectrasonics, Inc",NorthAmerica,Current,
00.02.2D,"Second Sound, LLC",NorthAmerica,SysExOnly,
00.02.2E,8eo (Horn),NorthAmerica,Current,
00.02.2F,VIDVOX LLC,NorthAmerica,Current,
00.02.30,Matthews Effects,NorthAmerica,SysExOnly,
00.02.31,Bright Blue Beetle,NorthAmerica,SysExOnly,
00.02.32,Audio Impressions,NorthAmerica,Current,
00.02.33,Looperlative,NorthAmerica,SysExOnly,
00.02.34,Steinway,NorthAmerica,Current,
00.02.35,Ingenious Arts and Technologies LLC,NorthAmerica,Current,
00.02.36,DCA Audio,NorthAmerica,Current,
00.02.37,Buchla USA,NorthAmerica,SysExOnly,
00.02.38,Sinicon,NorthAmerica,SysExOnly,
00.02.39,Isla Instruments,NorthAmerica,Current,
00.02.3A,Soundiron LLC,NorthAmerica,Current,
00.02.3B,"Sonoclast, LLC",NorthAmerica,Current,
00.02.3C,Copper and Cedar,NorthAmerica,SysExOnly,
00.02.3D,Whirled Notes,NorthAmerica,Current,
00.02.3E,"Cejetvole, LLC",NorthAmerica,SysExOnly,
00.02.3F,DAWn Audio LLC,NorthAmerica,Current,
00.02.40,Space Brain Circuits,NorthAmerica,SysExOnly,
00.02.41,Caedence,NorthAmerica,Current,
00.02.42,"HCN Designs, LLC (The MIDI Maker)",NorthAmerica,SysExOnly,
00.02.43,PTZOptics,NorthAmerica,Current,
00.02.44,Noise Engineering,NorthAmerica,Current,
00.02.45,Synthesia LLC,NorthAmerica,Current,
00.02.46,Jeff Whitehead Lutherie LLC,NorthAmerica,Current,
00.02.47,Wampler Pedals Inc.,NorthAmerica,SysExOnly,
00.02.48,Tapis Magique,NorthAmerica,Current,
00.02.49,Leaf Secrets,NorthAmerica,SysExOnly,
00.02.4A,Groove Synthesis,NorthAmerica,SysExOnly,
00.20.00,Dream SAS,Europe,Current,
00.20.01,Strand Lighting,Europe,Lapsed,
00.20.02,Amek Div of Harman Industries,Europe,Lapsed,
00.20.03,Casa Di Risparmio Di Loreto,Europe,Lapsed,
00.20.04,BÃ¶hm electronic GmbH,Europe,Lapsed,
00.20.05,Syntec Digital Audio,Europe,Lapsed,
00.20.06,Trident Audio Developments,Europe,Lapsed,
00.20.07,Real World Studio,Europe,Lapsed,
00.20.08,"Evolution Synthesis, Ltd",Europe,Lapsed,
00.20.09,Yes Technology,Europe,Lapsed,
00.20.0A,Audiomatica,Europe,Lapsed,
00.20.0B,Bontempi SpA (Sigma),Europe,Lapsed,
00.20.0C,F.B.T. Elettronica SpA,Europe,Lapsed,
00.20.0D,MidiTemp GmbH,Europe,Lapsed,
00.20.0E,LA Audio (Larking Audio),Europe,Lapsed,
00.20.0F,Zero 88 Lighting Limited,Europe,Lapsed,
00.20.10,Micon Audio Electronics GmbH,Europe,Lapsed,
00.20.11,Forefront Technology,Europe,Lapsed,
00.20.12,Studio Audio and Video Ltd.,Europe,Lapsed,
00.20.13,Kenton Electronics,Europe,Lapsed,
00.20.14,Celco/ Electrosonic,Europe,Lapsed,
00.20.15,ADB,Europe,Lapsed,
00.20.16,Marshall Products Limited,Europe,Lapsed,
00.20.17,DDA,Europe,Lapsed,
00.20.18,BSS Audio Ltd.,Europe,Lapsed,
00.20.19,MA Lighting Technology,Europe,Lapsed,
00.20.1A,Fatar SRL c/o Music Industries,Europe,Lapsed,
00.20.1B,QSC Audio Products Inc.,Europe,Lapsed,
00.20.1C,Artisan Clasic Organ Inc.,Europe,Lapsed,
00.20.1D,Orla Spa,Europe,Lapsed,
00.20.1E,Pinnacle Audio (Klark Teknik PLC),Europe,Lapsed,
00.20.1F,TC Electronics,Europe,Lapsed,
00.20.20,Doepfer Musikelektronik GmbH,Europe,Lapsed,
00.20.21,Creative ATC / E-mu,Europe,Lapsed,
00.20.22,Seyddo/Minami,Europe,Lapsed,
00.20.23,LG Electronics (Goldstar),Europe,Lapsed,
00.20.24,Midisoft sas di M.Cima & C,Europe,Lapsed,
00.20.25,Samick Musical Inst. Co. Ltd.,Europe,Lapsed,
00.20.26,Penny and Giles (Bowthorpe PLC),Europe,Lapsed,
00.20.27,Acorn Computer,Europe,Lapsed,
00.20.28,LSC Electronics Pty. Ltd.,Europe,Lapsed,
00.20.29,Focusrite/Novation,Europe,Current,
00.20.2A,Samkyung Mechatronics,Europe,Lapsed,
00.20.2B,Medeli Electronics Co.,Europe,Current,
00.20.2C,Charlie Lab SRL,Europe,Lapsed,
00.20.2D,Blue Chip Music Technology,Europe,Lapsed,
00.20.2E,BEE OH Corp,Europe,Lapsed,
00.20.2F,LG Semicon America,Europe,Lapsed,
00.20.30,TESI,Europe,Lapsed,
00.20.31,EMAGIC,Europe,Lapsed,
00.20.32,Behringer GmbH,Europe,Lapsed,
00.20.33,Access Music Electronics,Europe,Current,
00.20.34,Synoptic,Europe,Lapsed,
00.20.35,Hanmesoft,Europe,Lapsed,
00.20.36,Terratec Electronic GmbH,Europe,Lapsed,
00.20.37,Proel SpA,Europe,Lapsed,
00.20.38,IBK MIDI,Europe,Lapsed,
00.20.39,IRCAM,Europe,Lapsed,
00.20.3A,Propellerhead Software,Europe,Lapsed,
00.20.3B,Red Sound Systems Ltd,Europe,Lapsed,
00.20.3C,Elektron ESI AB,Europe,Lapsed,
00.20.3D,Sintefex Audio,Europe,Lapsed,
00.20.3E,MAM (Music and More),Europe,Lapsed,
00.20.3F,Amsaro GmbH,Europe,Lapsed,
00.20.40,CDS Advanced Technology BV (Lanbox),Europe,Lapsed,
00.20.41,Mode Machines (Touched By Sound GmbH),Europe,Lapsed,
00.20.42,DSP Arts,Europe,Lapsed,
00.20.43,Phil Rees Music Tech,Europe,Lapsed,
00.20.44,Stamer Musikanlagen GmbH,Europe,Lapsed,
00.20.45,Musical Muntaner S.A. dba Soundart,Europe,Lapsed,
00.20.46,C-Mexx Software,Europe,Lapsed,
00.20.47,Klavis Technologies,Europe,Lapsed,
00.20.48,Noteheads AB,Europe,Lapsed,
00.20.49,Algorithmix,Europe,Lapsed,
00.20.4A,Skrydstrup R&D,Europe,Lapsed,
00.20.4B,Professional Audio Company,Europe,Lapsed,
00.20.4C,NewWave Labs (MadWaves),Europe,Lapsed,
00.20.4D,Vermona,Europe,Lapsed,
00.20.4E,Nokia,Europe,Lapsed,
00.20.4F,Wave Idea,Europe,Lapsed,
00.20.50,Hartmann GmbH,Europe,Lapsed,
00.20.51,Lion's Tracs,Europe,Lapsed,
00.20.52,Analogue Systems,Europe,Lapsed,
00.20.53,Focal-JMlab,Europe,Lapsed,
00.20.54,Ringway Electronics (Chang-Zhou) Co Ltd,Europe,Current,
00.20.55,Faith Technologies (Digiplug),Europe,Lapsed,
00.20.56,Showworks,Europe,Lapsed,
00.20.57,Manikin Electronic,Europe,SysExOnly,
00.20.58,1 Come Tech,Europe,Lapsed,
00.20.59,Phonic Corp,Europe,Lapsed,
00.20.5A,Dolby Australia (Lake),Europe,Lapsed,
00.20.5B,Silansys Technologies,Europe,Lapsed,
00.20.5C,Winbond Electronics,Europe,Lapsed,
00.20.5D,Cinetix Medien und Interface GmbH,Europe,Lapsed,
00.20.5E,A&G Soluzioni Digitali,Europe,Lapsed,
00.20.5F,Sequentix GmbH,Europe,SysExOnly,
00.20.60,Oram Pro Audio,Europe,Lapsed,
00.20.61,Be4 Ltd,Europe,Lapsed,
00.20.62,Infection Music,Europe,Lapsed,
00.20.63,Central Music Co. (CME),Europe,Current,
00.20.64,genoQs Machines GmbH,Europe,Lapsed,
00.20.65,Medialon,Europe,Lapsed,
00.20.66,Waves Audio Ltd,Europe,Lapsed,
00.20.67,Jerash Labs,Europe,Lapsed,
00.20.68,Da Fact,Europe,Lapsed,
00.20.69,Elby Designs,Europe,SysExOnly,
00.20.6A,Spectral Audio,Europe,Lapsed,
00.20.6B,Arturia,Europe,SysExOnly,
00.20.6C,Vixid,Europe,Lapsed,
00.20.6D,C-Thru Music,Europe,Lapsed,
00.20.6E,Ya Horng Electronic Co LTD,Europe,SysExOnly,
00.20.6F,SM Pro Audio,Europe,Lapsed,
00.20.70,OTO Machines,Europe,SysExOnly,
00.20.71,ELZAB S.A. (G LAB),Europe,Lapsed,
00.20.72,Blackstar Amplification Ltd,Europe,SysExOnly,
00.20.73,M3i Technologies GmbH,Europe,SysExOnly,
00.20.74,Gemalto (from Xiring),Europe,Lapsed,
00.20.75,Prostage SL,Europe,Lapsed,
00.20.76,Teenage Engineering,Europe,Current,
00.20.77,Tobias Erichsen Consulting,Europe,Lapsed,
00.20.78,Nixer Ltd,Europe,Lapsed,
00.20.79,Hanpin Electron Co Ltd,Europe,Lapsed,
00.20.7A,"""MIDI-hardware"" R.Sowa",Europe,SysExOnly,
00.20.7B,Beyond Music Industrial Ltd,Europe,Lapsed,
00.20.7C,Kiss Box B.V.,Europe,Current,
00.20.7D,Misa Digital Technologies Ltd,Europe,Lapsed,
00.20.7E,AI Musics Technology Inc,Europe,Lapsed,
00.20.7F,Serato Inc LP,Europe,Lapsed,
00.21.00,Limex,Europe,SysExOnly,
00.21.01,Kyodday (Tokai),Europe,Lapsed,
00.21.02,Mutable Instruments,Europe,SysExOnly,
00.21.03,PreSonus Software Ltd,Europe,Lapsed,
00.21.04,Ingenico (was Xiring),Europe,Lapsed,
00.21.05,Fairlight Instruments Pty Ltd,Europe,Lapsed,
00.21.06,Musicom Lab,Europe,Lapsed,
00.21.07,Modal Electronics (Modulus/VacoLoco),Europe,Lapsed,
00.21.08,RWA (Hong Kong) Limited,Europe,Lapsed,
00.21.09,Native Instruments,Europe,Current,
00.21.0A,Naonext,Europe,Lapsed,
00.21.0B,MFB,Europe,Lapsed,
00.21.0C,Teknel Research,Europe,Current,
00.21.0D,Ploytec GmbH,Europe,Current,
00.21.0E,Surfin Kangaroo Studio,Europe,SysExOnly,
00.21.0F,Philips Electronics HK Ltd,Europe,Lapsed,
00.21.10,ROLI Ltd,Europe,Current,
00.21.11,Panda-Audio Ltd,Europe,SysExOnly,
00.21.12,BauM Software,Europe,SysExOnly,
00.21.13,Machinewerks Ltd.,Europe,Lapsed,
00.21.14,Xiamen Elane Electronics,Europe,Lapsed,
00.21.15,Marshall Amplification PLC,Europe,Lapsed,
00.21.16,Kiwitechnics Ltd,Europe,SysExOnly,
00.21.17,Rob Papen,Europe,Lapsed,
00.21.18,Spicetone OU,Europe,Lapsed,
00.21.19,V3Sound,Europe,Current,
00.21.1A,IK Multimedia,Europe,Current,
00.21.1B,Novalia Ltd,Europe,Current,
00.21.1C,Modor Music,Europe,SysExOnly,
00.21.1D,Ableton,Europe,Current,
00.21.1E,Dtronics,Europe,SysExOnly,
00.21.1F,ZAQ Audio,Europe,SysExOnly,
00.21.20,Muabaobao Education Technology Co Ltd,Europe,Lapsed,
00.21.21,Flux Effects,Europe,SysExOnly,
00.21.22,Audiothingies (MCDA),Europe,Lapsed,
00.21.23,Retrokits,Europe,SysExOnly,
00.21.24,Morningstar FX Pte Ltd,Europe,SysExOnly,
00.21.25,Changsha Hotone Audio Co Ltd,Europe,Current,
00.21.26,Expressive E,Europe,Current,
00.21.27,Expert Sleepers Ltd,Europe,SysExOnly,
00.21.28,Timecode-Vision Technology,Europe,Current,
00.21.29,Hornberg Research GbR,Europe,SysExOnly,
00.21.2A,Sonic Potions,Europe,SysExOnly,
00.21.2B,Audiofront,Europe,SysExOnly,
00.21.2C,Fred's Lab,Europe,Lapsed,
00.21.2D,Audio Modeling,Europe,Current,
00.21.2E,C. Bechstein Digital GmbH,Europe,SysExOnly,
00.21.2F,Motas Electronics Ltd,Europe,SysExOnly,
00.21.30,Elk Audio,Europe,Current,
00.21.31,Sonic Academy Ltd,Europe,Lapsed,
00.21.32,Bome Software,Europe,Current,
00.21.33,AODYO SAS,Europe,Current,
00.21.34,Pianoforce S.R.O,Europe,SysExOnly,
00.21.35,Dreadbox P.C.,Europe,SysExOnly,
00.21.36,TouchKeys Instruments Ltd,Europe,Current,
00.21.37,The Gigrig Ltd,Europe,SysExOnly,
00.21.38,ALM Co,Europe,SysExOnly,
00.21.39,CH Sound Design,Europe,SysExOnly,
00.21.3A,Beat Bars,Europe,SysExOnly,
00.21.3B,Blokas,Europe,Current,
00.21.3C,GEWA Music GmbH,Europe,Current,
00.21.3D,dadamachines,Europe,SysExOnly,
00.21.3E,Augmented Instruments Ltd (Bela),Europe,Current,
00.21.3F,Supercritical Ltd,Europe,SysExOnly,
00.21.40,Genki Instruments,Europe,Current,
00.21.41,Marienberg Devices Germany,Europe,SysExOnly,
00.21.42,Supperware Ltd,Europe,Current,
00.21.43,Imoxplus BVBA,Europe,SysExOnly,
00.21.44,Swapp Technologies SRL,Europe,SysExOnly,
00.21.45,Electra One S.R.O.,Europe,SysExOnly,
00.21.46,Digital Clef Limited,Europe,Current,
00.21.47,Paul Whittington Group Ltd,Europe,SysExOnly,
00.21.48,Music Hackspace,Europe,Current,
00.21.49,Bitwig GMBH,Europe,Current,
00.21.4A,Enhancia,Europe,Current,
00.21.4B,KV 331,Europe,Current,
00.21.4C,Tehnicadelarte,Europe,SysExOnly,
00.21.4D,Endlesss Studio,Europe,Current,
00.21.4E,"Dongguan MIDIPLUS Co., LTD",Europe,Current,
00.21.4F,Gracely Pty Ltd.,Europe,Current,
00.21.50,Embodme,Europe,Current,
00.21.51,MuseScore,Europe,Current,
00.21.52,EPFL (E-Lab),Europe,Current,
00.21.53,Orb3 Ltd.,Europe,Current,
00.21.54,Pitch Innovations,Europe,Current,
00.21.55,Playces,Europe,SysExOnly,
00.21.56,UDO Audio LTD,Europe,Current,
00.21.57,RSS Sound Design,Europe,SysExOnly,
00.21.58,Nonlinear Labs GmbH,Europe,Current,
00.21.59,"Robkoo Information & Technologies Co., Ltd.",Europe,Current,
00.21.5A,Cari Electronic,Europe,Current,
00.21.5B,Oxi Electronic Instruments SL,Europe,SysExOnly,
00.21.5C,XMPT,Europe,Current,
00.21.5D,SHANGHAI HUAXIN MUSICAL INSTRUMENT,Europe,Current,
00.21.5E,"Shenzhen Huashi Technology Co., Ltd",Europe,Current,
00.21.60,"Guangzhou Rantion Technology Co., Ltd.",Europe,Current,
00.21.61,Ryme Music,Europe,SysExOnly,
00.21.62,GS Music,Europe,Current,
00.21.63,"Shenzhen Flamma Innovation Co., Ltd",Europe,Current,
00.21.64,"Shenzhen Mooer Audio Co.,LTD.",Europe,Current,
00.21.65,Raw Material Software Limited (JUCE),Europe,Current,
00.21.66,Birdkids,Europe,Current,
00.21.67,Beijing QianYinHuLian Tech. Co,Europe,Current,
00.21.68,Nimikry Music OG,Europe,Current,
00.21.69,Newzik,Europe,Current,
00.21.6A,Hamburg Wave,Europe,SysExOnly,
00.21.6B,Grimm Audio,Europe,SysExOnly,
00.21.6C,Arcana Instruments LTD.,Europe,Current,
00.21.6D,GameChanger Audio,Europe,SysExOnly,
00.21.6E,OakTone,Europe,Current,
00.21.6F,The Digi-Gurdy: A MIDI Hurdy Gurdy,Europe,Current,
00.21.70,MusiKraken,Europe,Current,
00.21.71,PhotoSynth > InterFACE,Europe,Current,
00.21.72,Instruments of Things,Europe,SysExOnly,
00.40.00,Crimson Technology Inc.,Japan,Current,
00.40.01,Softbank Mobile Corp,Japan,Current,
00.40.03,D&M Holdings Inc.,Japan,Current,
00.40.04,Xing Inc.,Japan,Current,
00.40.05,AlphaTheta Corporation,Japan,Current,
00.40.06,PioneerCorporation,Japan,Current,
00.40.07,SlikCorporation,Japan,Current,
00.48.00,"sigboost Co., Ltd.",Japan,Lapsed,
00.48.01,Lost Technology,Japan,Lapsed,
00.48.02,Uchiwa Fujin,Japan,Lapsed,
00.48.03,"Tsukuba Science Co., Ltd.",Japan,Lapsed,
00.48.04,"Sonicware Co., Ltd.",Japan,Lapsed,
00.48.05,Poppy only workshop,Japan,Lapsed,
